campaign_name,sessions,transactions,revenue_usd,clicks,CTR,ConversionRate,ad_cost_usd,CPC,ROI
(not set),63295,711,97213.65,1597,0.025231060905284777,0.01123311477999842,678.2843418795428,0.42472407130841755,142.32285738841995
AW - Dynamic Search Ads Whole Site,156,2,664.14,156,1.0,0.01282051282051282,120.18685907996816,0.7704285838459497,4.525895302398279
Data Share Promo,1243,,,,,,0.0,,
